<?xml version="1.0" encoding="UTF-8"?>

<mule xmlns:secure-properties="http://www.mulesoft.org/schema/mule/secure-properties" xmlns:http="http://www.mulesoft.org/schema/mule/http"
	xmlns:db="http://www.mulesoft.org/schema/mule/db"
	xmlns:email="http://www.mulesoft.org/schema/mule/email" xmlns:ee="http://www.mulesoft.org/schema/mule/ee/core" xmlns="http://www.mulesoft.org/schema/mule/core" xmlns:doc="http://www.mulesoft.org/schema/mule/documentation" xmlns:xsi="http://www.w3.org/2001/XMLSchema-instance" xsi:schemaLocation="http://www.mulesoft.org/schema/mule/core http://www.mulesoft.org/schema/mule/core/current/mule.xsd
http://www.mulesoft.org/schema/mule/ee/core http://www.mulesoft.org/schema/mule/ee/core/current/mule-ee.xsd
http://www.mulesoft.org/schema/mule/email http://www.mulesoft.org/schema/mule/email/current/mule-email.xsd
http://www.mulesoft.org/schema/mule/db http://www.mulesoft.org/schema/mule/db/current/mule-db.xsd
http://www.mulesoft.org/schema/mule/http http://www.mulesoft.org/schema/mule/http/current/mule-http.xsd
http://www.mulesoft.org/schema/mule/secure-properties http://www.mulesoft.org/schema/mule/secure-properties/current/mule-secure-properties.xsd">
	<email:smtp-config name="Email_SMTP" doc:name="Email SMTP" doc:id="631995fb-fa22-4a38-ace6-6fc51c0e38b2" >
		<email:smtp-connection host="${email.host}" port="${email.port}" user="${secure::email.user}" password="${secure::email.password}" >
			<email:properties >
				<email:property key="mail.smtp.starttls.enable" value="true" />
			</email:properties>
		</email:smtp-connection>
	</email:smtp-config>
	<db:config name="Database_Config" doc:name="Database Config" doc:id="db373641-9aa1-4cd9-ac69-f89edeb1c643" >
		<db:my-sql-connection host="${db.host}" port="${db.port}" user="${secure::db.user}" password="${secure::db.password}" database="${db.database}" />
	</db:config>
	<http:listener-config name="HTTP_Listener_config" doc:name="HTTP Listener config" doc:id="530c3dea-e7f5-4c25-b6e0-32907f785840" >
		<http:listener-connection host="0.0.0.0" port="${http.port}" />
	</http:listener-config>
	<configuration doc:name="Configuration" doc:id="d1e0adcb-2fba-4e78-98a1-323cf9f584c6" defaultErrorHandler-ref="globalError_Handler" />
	<configuration-properties doc:name="Configuration properties" doc:id="8aa0f453-c559-4d23-95ad-90bfd4591d68" file="config.yaml" />
	<secure-properties:config name="Secure_Properties_Config" doc:name="Secure Properties Config" doc:id="6aea71c3-85c5-4f97-b207-873be53c0b12" file="config.yaml" key="9874563211234567" />
	<error-handler name="globalError_Handler" doc:id="2af84959-93ce-45b3-9a64-77d1922c3e92" >
		<on-error-propagate enableNotifications="true" logException="true" doc:name="On Error Propagate" doc:id="00377d56-e04b-42ab-b961-ef5a13ea9e43" >
			<ee:transform doc:name="Transform Message" doc:id="0572bf55-0e5e-41c7-960d-b598d15af42b" >
				<ee:message >
					<ee:set-payload ><![CDATA[%dw 2.0
output application/json
---
Error:{
    Body: "Hi Aniket, the following error(s) has/have occurred in your flow:",
    Error_type: error.errorType,
    Error_description: error.description,
    Error_message: error.errorMessage
}]]></ee:set-payload>
				</ee:message>
			</ee:transform>
			<email:send doc:id="cb39adbd-b371-4d31-a08d-4fb976282d0b" config-ref="Email_SMTP" fromAddress="aniket.raj@apisero.com" subject="Error Occurred!">
				<email:to-addresses >
					<email:to-address value="aniket.raj@apisero.com" />
				</email:to-addresses>
				<email:body contentType="text/plain" encoding="UTF-8" />
			</email:send>
		</on-error-propagate>
	</error-handler>
</mule>
