{
	"info": {
		"_postman_id": "f769bc23-1f22-46a8-a418-1af930ee7872",
		"name": "Hackathon1901",
		"schema": "https://schema.getpostman.com/json/collection/v2.1.0/collection.json"
	},
	"item": [
		{
			"name": "localhost:8081/api/employees",
			"request": {
				"method": "POST",
				"header": [
					{
						"key": "clientID",
						"value": "ghbj",
						"type": "text"
					},
					{
						"key": "clientSecret",
						"value": "ftdty",
						"type": "text"
					}
				],
				"body": {
					"mode": "raw",
					"raw": "{\r\n  \"Name\": \"Abhishek\",\r\n  \"Email\": \"abhisheki@gmail.com\",\r\n  \"Age\": 24,\r\n  \"City\": \"Bangalore\",\r\n  \"Project\": \"Greenhouse\",\r\n  \"Manager\": \"Santosh\"\r\n}",
					"options": {
						"raw": {
							"language": "json"
						}
					}
				},
				"url": {
					"raw": "localhost:8081/api/employees",
					"host": [
						"localhost"
					],
					"port": "8081",
					"path": [
						"api",
						"employees"
					]
				}
			},
			"response": []
		},
		{
			"name": "http://localhost:8081/api/employees",
			"request": {
				"method": "GET",
				"header": [
					{
						"key": "clientID",
						"value": "dtddtyxh",
						"type": "text"
					},
					{
						"key": "clientSecret",
						"value": "cghxgg",
						"type": "text"
					}
				],
				"url": {
					"raw": "http://localhost:8081/api/employees",
					"protocol": "http",
					"host": [
						"localhost"
					],
					"port": "8081",
					"path": [
						"api",
						"employees"
					]
				}
			},
			"response": []
		},
		{
			"name": "http://localhost:8081/api/employees/3",
			"request": {
				"method": "GET",
				"header": [],
				"url": {
					"raw": "http://localhost:8081/api/employees/3",
					"protocol": "http",
					"host": [
						"localhost"
					],
					"port": "8081",
					"path": [
						"api",
						"employees",
						"3"
					]
				}
			},
			"response": []
		},
		{
			"name": "http://localhost:8081/api/employees/3",
			"request": {
				"method": "DELETE",
				"header": [],
				"url": {
					"raw": "http://localhost:8081/api/employees/3",
					"protocol": "http",
					"host": [
						"localhost"
					],
					"port": "8081",
					"path": [
						"api",
						"employees",
						"3"
					]
				}
			},
			"response": []
		}
	]
}